state,percent_apps_with_undisbursed_amounts
MP,100
DC,17.760617760617762
DE,16.793893129770993
WI,16.443745082612114
AR,16.356877323420075
